MaxPeriod(ms),MinPeriod(ms),AvgPeriod(ms),Amount,AxAvg,Service,Operation
2398,322,1250,5,6250,AgentService,agentWS/startFraudResultManual
55,2,16,61,976,CommonService,ConfHomeBuilderWS/getConfHomeBuilder
1589,76,149,61,9089,CommonService,ConfHousingGradeWS/getConfHousingGrade
160,85,106,24,2544,CommonService,ConfMrtaInterestWS/getConfMrtaInterest
113,2,14,78,1092,CommonService,ConfMrtaValidationWS/getConfMrtaValidation
5836,819,4275,31,132525,CommonService,KbmfOnlineCatsWS/InquiryCollateral
228,111,137,26,3562,CommonService,KbmfOnlineCatsWS/InquiryROLDetail
21837,11498,14227,7,99589,CommonService,LoanWS/getHLCollateral
6490,3855,4853,10,48530,CommonService,LoanWS/getHomeLendingLimit
24,1,2,312,624,CommonService,PartInstPeriodWS/getConfPartInstPeriod
43,11,15,26,390,CommonService,RolWS/confirmROL
913,4,313,54,16902,CommonService,RolWS/getCollteral
102,5,11,53,583,CommonService,RolWS/getConfHousingAppraisal
339,161,256,3,768,CommonService,UnsecureWS/bypassLogin
255711,6,1861,727,1352947,CommonService,UnsecureWS/login
29,12,17,10,170,CommonService,WorkflowWS/changeApprove020ApproveType
27,5,8,65,520,CommonService,WorkflowWS/getApprove020ApproveType
312,26,56,49,2744,CommonService,WorkflowWS/getDefaultPoolList
1882,4,173,1002,173346,CommonService,WorkflowWS/listUserInbox
132169,3,345,578,199410,CommonService,WorkflowWS/logout
475,3,115,940,108100,CommonService,WorkflowWS/openCaseByAppNo
528,528,528,1,528,CommonService,additionalDocumentWS/addInterestRateReductionDocument
1338,62,99,703,69597,CommonService,addressWS/getAllAddress
1437,90,159,108,17172,CommonService,addressWS/getAllDIHDistrict
82,5,19,108,2052,CommonService,addressWS/getAllDIHProvince
3220,548,740,108,79920,CommonService,addressWS/getAllDIHSubDistrict
54,4,8,110,880,CommonService,applicationCaseWS/applicationExternalService
23,4,8,19,152,CommonService,applicationCaseWS/applicationRiskChecking
266,107,169,6,1014,CommonService,applicationCaseWS/getApplicationHistory
1906,5,165,504,83160,CommonService,applicationCaseWS/getApplicationStatus
26,5,8,14,112,CommonService,applicationCaseWS/getApplicationSuspectRiskList
103,5,16,47,752,CommonService,applicationCaseWS/getAppointmentFromAppointmentTable
2551,3,1054,61,64294,CommonService,applicationCaseWS/getAppointmentInfo
567,30,151,2118,319818,CommonService,applicationCaseWS/getApproverTable
569,423,484,7,3388,CommonService,applicationCaseWS/getAssignModelUserList
272,37,113,14,1582,CommonService,applicationCaseWS/getAssignUserList
736,51,218,357,77826,CommonService,applicationCaseWS/getCreditorsTable
218,97,175,18,3150,CommonService,applicationCaseWS/getEmployeeOfSpecificBranch
19,5,9,4,36,CommonService,applicationCaseWS/getInterestRateReductionDocument
317,184,263,18,4734,CommonService,applicationCaseWS/getManagerOfSpecificBranch
34,6,8,93,744,CommonService,applicationCaseWS/getSmartServeCaseId
21,7,9,29,261,CommonService,applicationCaseWS/getWitness1ForDsa
22,7,9,29,261,CommonService,applicationCaseWS/getWitness2ForDsa
61,10,35,2,70,CommonService,applicationCaseWS/saveApplicationRiskList
55,41,47,3,141,CommonService,applicationCaseWS/saveAssignModel
100,50,74,5,370,CommonService,applicationCaseWS/saveAssignTask
400,48,197,93,18321,CommonService,atomicWS/registerSestionService
38,8,15,14,210,CommonService,confResubmitReasonWS/confResubmitReason
16,9,10,5,50,CommonService,confSkillWS/getConfSkill
1677,631,1154,2,2308,CommonService,connectCloudPrintWS/printPdfOtherReject
43,22,34,3,102,CommonService,csvWS/download
32,32,32,1,32,CommonService,csvWS/upload
2568,140,763,67,51121,CommonService,customerWS/findCustomerFromCIS
150515,638,6830,27,184410,CommonService,customerWS/findKplusCustomer
8989,8989,8989,1,8989,CommonService,customerWS/findWealthDetails
21762,4,6952,72,500544,CommonService,customerWS/getDeductAccountDetails
11478,4,145,495,71775,CommonService,customerWS/getInquiryTable
13863,4964,7675,5,38375,CommonService,customerWS/getODAccountDetails
1595,6,1032,4,4128,CommonService,customerWS/inquiryForeignerCustomer
21,2,3,2514,7542,CommonService,customerWS/inquiryKPlusAcceptResult
129,49,88,4,352,CommonService,customerWS/searchByTel
16518,1471,6173,13,80249,CommonService,decisionEngineWS/getLoanCal
5066,550,1126,106,119356,CommonService,decisionEngineWS/getPolicy
1634,889,1308,3,3924,CommonService,decisionEngineWS/sendPS2SlimRequest
15,15,15,1,15,CommonService,documentWS/getDocGroupFollowUpHistoryByflpRefId
186,29,65,8,520,CommonService,documentWS/viewBuroDocument
34,19,26,6,156,CommonService,documentWS/viewContent
40,2,4,116,464,CommonService,dropdownWS/getAppStatusDropdown
63,1,4,90,360,CommonService,dropdownWS/getConfKdmsDocumentDropDown
46,1,6,144,864,CommonService,dropdownWS/getConfValueList
40,40,40,1,40,CommonService,dropdownWS/getDihMarketCodeAll
726,135,186,243,45198,CommonService,dropdownWS/getDihRCAll
4150,4150,4150,1,4150,CommonService,dropdownWS/getDimBolOrg
262,1,9,3404,30636,CommonService,dropdownWS/getDropdown
17,2,4,255,1020,CommonService,dropdownWS/getRejectReasonDropdown
153,7,31,13,403,CommonService,employeeWS/findBranchEmployee
62,6,14,24,336,CommonService,employeeWS/findDSAEmployee
20,8,14,2,28,CommonService,fileStorageWS/getPdfBlob
496,241,368,2,736,CommonService,formChangeWS/printPdfFormChange
1262,1262,1262,1,1262,CommonService,genFileExcelWS/exportFileExcel
30,30,30,1,30,CommonService,genFileExcelWS/getAllConfReport
100,7,10,125,1250,CommonService,messageCodeWS/getAllMessage
28,24,26,2,52,CommonService,relationshipWS/deleteRelationship
228,6,21,372,7812,CommonService,relationshipWS/findIndirectPerson
155,7,62,39,2418,CommonService,relationshipWS/findObjBySubjRelationship
122,5,17,28,476,CommonService,relationshipWS/getCustomerWealthAsset
123,4,18,28,504,CommonService,relationshipWS/getCustomerWealthKbank
123,6,18,28,504,CommonService,relationshipWS/getCustomerWealthOther
539,131,298,6,1788,CommonService,relationshipWS/saveBorrowerCustomerProfile
265,158,207,5,1035,CommonService,relationshipWS/saveRelationship
162,13,19,221,4199,CommonService,resubmitReasonWS/doFindAppStatus
30,6,15,31,465,CommonService,resubmitReasonWS/doFindByAppNo
22,7,10,18,180,CommonService,resubmitReasonWS/doUpdateApplication
41,8,14,18,252,CommonService,resubmitReasonWS/resubmitReason
722,722,722,1,722,CommonService,resubmitWS/resubmitChangeCustomers
222,4,17,1673,28441,CommonService,statusRejectWS/getRejectList
173,48,75,7,525,CommonService,userParameterConfigWS/saveUser
98,20,28,32,896,CommonService,userParameterConfigWS/searchUserByEmployeeId
15,15,15,1,15,HomeLoanService,HomeLoanWS/doBack/approve-010/verify-document
37,37,37,1,37,HomeLoanService,HomeLoanWS/doBack/approve-020/credit-exposure
35,35,35,1,35,HomeLoanService,HomeLoanWS/doBack/approve-020/relationship
46,46,46,1,46,HomeLoanService,HomeLoanWS/doBack/approve-020/verify-customer
44,44,44,1,44,HomeLoanService,HomeLoanWS/doBack/approve-020/verify-hr
43,43,43,1,43,HomeLoanService,HomeLoanWS/doBack/approve-020/verify-website
54,20,32,4,128,HomeLoanService,HomeLoanWS/doBack/approve-030/partial-installment
36,36,36,1,36,HomeLoanService,HomeLoanWS/doBack/approve-060/approve-decision
51,51,51,1,51,HomeLoanService,HomeLoanWS/doBack/approve-060/credit-exposure
17,8,11,3,33,HomeLoanService,HomeLoanWS/doBack/prepare-010/basic-repayment-ability
32,7,16,5,80,HomeLoanService,HomeLoanWS/doBack/prepare-020/income
22,11,16,4,64,HomeLoanService,HomeLoanWS/doBack/prepare-020/loan-info
22,10,16,6,96,HomeLoanService,HomeLoanWS/doBack/prepare-020/personal-info
22,15,18,2,36,HomeLoanService,HomeLoanWS/doBack/prepare-021/package
31,13,22,6,132,HomeLoanService,HomeLoanWS/doBack/prepare-021/summary-package
20,20,20,1,20,HomeLoanService,HomeLoanWS/doBack/prepare-022/summary-package
50,8,23,3,69,HomeLoanService,HomeLoanWS/doBack/prepare-030/sale-channel
52,36,44,4,176,HomeLoanService,HomeLoanWS/doBack/prepare-030/summary-result
52,52,52,1,52,HomeLoanService,HomeLoanWS/doCancel/prepare-030
38,27,34,6,204,HomeLoanService,HomeLoanWS/doNavigate/prepare-021
89,36,55,6,330,HomeLoanService,HomeLoanWS/doNavigate/prepare-022
118,24,57,28,1596,HomeLoanService,HomeLoanWS/doNavigate/prepare-030
25,18,21,6,126,HomeLoanService,HomeLoanWS/doNext/approve-010/credit-limit-detail
268,143,171,11,1881,HomeLoanService,HomeLoanWS/doNext/approve-010/verify-document
135,16,32,26,832,HomeLoanService,HomeLoanWS/doNext/approve-020/application-detail
633,137,234,38,8892,HomeLoanService,HomeLoanWS/doNext/approve-020/approve-decision
139,35,70,20,1400,HomeLoanService,HomeLoanWS/doNext/approve-020/collateral-acting
149,20,51,46,2346,HomeLoanService,HomeLoanWS/doNext/approve-020/credit-exposure
160,20,50,47,2350,HomeLoanService,HomeLoanWS/doNext/approve-020/credit-limit-detail
431,24,122,43,5246,HomeLoanService,HomeLoanWS/doNext/approve-020/debt-exposure
406,75,136,32,4352,HomeLoanService,HomeLoanWS/doNext/approve-020/partial-installment
99,21,50,51,2550,HomeLoanService,HomeLoanWS/doNext/approve-020/relationship
600,69,202,48,9696,HomeLoanService,HomeLoanWS/doNext/approve-020/verify-customer
485,128,179,30,5370,HomeLoanService,HomeLoanWS/doNext/approve-020/verify-document
545,70,208,49,10192,HomeLoanService,HomeLoanWS/doNext/approve-020/verify-hr
191,30,68,49,3332,HomeLoanService,HomeLoanWS/doNext/approve-020/verify-income
608,15,246,53,13038,HomeLoanService,HomeLoanWS/doNext/approve-020/verify-summary
679,6,202,49,9898,HomeLoanService,HomeLoanWS/doNext/approve-020/verify-website
112,17,53,18,954,HomeLoanService,HomeLoanWS/doNext/approve-030/application-detail
581,135,277,45,12465,HomeLoanService,HomeLoanWS/doNext/approve-030/approve-decision
128,31,88,16,1408,HomeLoanService,HomeLoanWS/doNext/approve-030/collateral-acting
192,29,86,29,2494,HomeLoanService,HomeLoanWS/doNext/approve-030/credit-exposure
253,16,80,31,2480,HomeLoanService,HomeLoanWS/doNext/approve-030/credit-limit-detail
414,40,178,33,5874,HomeLoanService,HomeLoanWS/doNext/approve-030/debt-exposure
221,83,138,27,3726,HomeLoanService,HomeLoanWS/doNext/approve-030/partial-installment
219,30,85,28,2380,HomeLoanService,HomeLoanWS/doNext/approve-030/relationship
529,128,310,18,5580,HomeLoanService,HomeLoanWS/doNext/approve-030/verify-customer
331,131,191,20,3820,HomeLoanService,HomeLoanWS/doNext/approve-030/verify-document
688,121,328,18,5904,HomeLoanService,HomeLoanWS/doNext/approve-030/verify-hr
150,34,93,17,1581,HomeLoanService,HomeLoanWS/doNext/approve-030/verify-income
596,125,289,23,6647,HomeLoanService,HomeLoanWS/doNext/approve-030/verify-summary
704,119,363,18,6534,HomeLoanService,HomeLoanWS/doNext/approve-030/verify-website
77,19,47,5,235,HomeLoanService,HomeLoanWS/doNext/approve-040/application-detail
358,150,239,7,1673,HomeLoanService,HomeLoanWS/doNext/approve-040/approve-decision
112,45,81,4,324,HomeLoanService,HomeLoanWS/doNext/approve-040/collateral-acting
168,29,84,6,504,HomeLoanService,HomeLoanWS/doNext/approve-040/credit-exposure
116,38,75,6,450,HomeLoanService,HomeLoanWS/doNext/approve-040/credit-limit-detail
206,63,122,9,1098,HomeLoanService,HomeLoanWS/doNext/approve-040/debt-exposure
191,89,139,6,834,HomeLoanService,HomeLoanWS/doNext/approve-040/partial-installment
100,30,65,7,455,HomeLoanService,HomeLoanWS/doNext/approve-040/relationship
497,147,315,6,1890,HomeLoanService,HomeLoanWS/doNext/approve-040/verify-customer
201,162,182,4,728,HomeLoanService,HomeLoanWS/doNext/approve-040/verify-document
494,168,318,6,1908,HomeLoanService,HomeLoanWS/doNext/approve-040/verify-hr
124,40,82,6,492,HomeLoanService,HomeLoanWS/doNext/approve-040/verify-income
513,162,322,6,1932,HomeLoanService,HomeLoanWS/doNext/approve-040/verify-summary
508,160,319,6,1914,HomeLoanService,HomeLoanWS/doNext/approve-040/verify-website
111,39,72,10,720,HomeLoanService,HomeLoanWS/doNext/approve-055/collateral-acting
228,145,192,8,1536,HomeLoanService,HomeLoanWS/doNext/approve-055/verify-document
497,70,222,55,12210,HomeLoanService,HomeLoanWS/doNext/approve-060/approve-decision
253,35,89,22,1958,HomeLoanService,HomeLoanWS/doNext/approve-060/collateral-acting
113,21,64,23,1472,HomeLoanService,HomeLoanWS/doNext/approve-060/credit-exposure
192,18,69,28,1932,HomeLoanService,HomeLoanWS/doNext/approve-060/credit-limit-detail
462,53,154,23,3542,HomeLoanService,HomeLoanWS/doNext/approve-060/debt-exposure
367,69,128,31,3968,HomeLoanService,HomeLoanWS/doNext/approve-060/partial-installment
147,18,66,28,1848,HomeLoanService,HomeLoanWS/doNext/approve-060/relationship
640,119,281,20,5620,HomeLoanService,HomeLoanWS/doNext/approve-060/verify-customer
232,126,176,22,3872,HomeLoanService,HomeLoanWS/doNext/approve-060/verify-document
563,127,259,20,5180,HomeLoanService,HomeLoanWS/doNext/approve-060/verify-hr
237,37,97,22,2134,HomeLoanService,HomeLoanWS/doNext/approve-060/verify-income
798,125,269,24,6456,HomeLoanService,HomeLoanWS/doNext/approve-060/verify-summary
609,130,280,21,5880,HomeLoanService,HomeLoanWS/doNext/approve-060/verify-website
399,171,248,3,744,HomeLoanService,HomeLoanWS/doNext/approve-070/approve-decision
117,77,99,5,495,HomeLoanService,HomeLoanWS/doNext/approve-070/collateral-acting
215,56,105,4,420,HomeLoanService,HomeLoanWS/doNext/approve-070/credit-exposure
109,53,82,4,328,HomeLoanService,HomeLoanWS/doNext/approve-070/credit-limit-detail
225,103,163,4,652,HomeLoanService,HomeLoanWS/doNext/approve-070/debt-exposure
199,115,164,3,492,HomeLoanService,HomeLoanWS/doNext/approve-070/partial-installment
100,51,76,4,304,HomeLoanService,HomeLoanWS/doNext/approve-070/relationship
515,404,459,2,918,HomeLoanService,HomeLoanWS/doNext/approve-070/verify-customer
204,191,197,2,394,HomeLoanService,HomeLoanWS/doNext/approve-070/verify-document
517,511,514,2,1028,HomeLoanService,HomeLoanWS/doNext/approve-070/verify-hr
134,105,119,2,238,HomeLoanService,HomeLoanWS/doNext/approve-070/verify-income
602,204,337,5,1685,HomeLoanService,HomeLoanWS/doNext/approve-070/verify-summary
498,406,452,2,904,HomeLoanService,HomeLoanWS/doNext/approve-070/verify-website
32,32,32,1,32,HomeLoanService,HomeLoanWS/doNext/post-approve-010/credit-limit-detail
215,215,215,1,215,HomeLoanService,HomeLoanWS/doNext/post-approve-010/summary-result
947,28,65,59,3835,HomeLoanService,HomeLoanWS/doNext/prepare-010/cust-info
735,67,154,80,12320,HomeLoanService,HomeLoanWS/doNext/prepare-020/income
1602,67,257,68,17476,HomeLoanService,HomeLoanWS/doNext/prepare-020/personal-info
2710,388,989,67,66263,HomeLoanService,HomeLoanWS/doNext/prepare-021/package
364,49,125,118,14750,HomeLoanService,HomeLoanWS/doNext/prepare-030/sale-channel
510,67,133,28,3724,HomeLoanService,HomeLoanWS/doPreload/approve-010/application-detail
1208,390,885,6,5310,HomeLoanService,HomeLoanWS/doPreload/approve-010/collateral-acting
396,139,235,9,2115,HomeLoanService,HomeLoanWS/doPreload/approve-010/credit-exposure
411,166,290,7,2030,HomeLoanService,HomeLoanWS/doPreload/approve-010/credit-limit-detail
763,85,262,16,4192,HomeLoanService,HomeLoanWS/doPreload/approve-010/cust-info
918,249,581,6,3486,HomeLoanService,HomeLoanWS/doPreload/approve-010/debt-exposure
1316,467,861,6,5166,HomeLoanService,HomeLoanWS/doPreload/approve-010/partial-installment
248,248,248,1,248,HomeLoanService,HomeLoanWS/doPreload/approve-010/personal-info
479,112,236,12,2832,HomeLoanService,HomeLoanWS/doPreload/approve-010/relationship
28,28,28,1,28,HomeLoanService,HomeLoanWS/doPreload/approve-010/sale-channel
374,295,328,3,984,HomeLoanService,HomeLoanWS/doPreload/approve-010/summary-result
725,255,404,60,24240,HomeLoanService,HomeLoanWS/doPreload/approve-010/verify-document
333,52,138,62,8556,HomeLoanService,HomeLoanWS/doPreload/approve-020/application-detail
1768,64,543,57,30951,HomeLoanService,HomeLoanWS/doPreload/approve-020/approve-decision
1802,333,857,63,53991,HomeLoanService,HomeLoanWS/doPreload/approve-020/approve-summary
48,5,13,18,234,HomeLoanService,HomeLoanWS/doPreload/approve-020/basic-repayment-ability
1700,85,502,66,33132,HomeLoanService,HomeLoanWS/doPreload/approve-020/collateral-acting
476,73,227,58,13166,HomeLoanService,HomeLoanWS/doPreload/approve-020/credit-exposure
587,10,256,57,14592,HomeLoanService,HomeLoanWS/doPreload/approve-020/credit-limit-detail
969,84,253,41,10373,HomeLoanService,HomeLoanWS/doPreload/approve-020/cust-info
1918,203,627,59,36993,HomeLoanService,HomeLoanWS/doPreload/approve-020/debt-exposure
1137,81,400,17,6800,HomeLoanService,HomeLoanWS/doPreload/approve-020/income
1027,167,389,20,7780,HomeLoanService,HomeLoanWS/doPreload/approve-020/loan-info
1978,7,785,59,46315,HomeLoanService,HomeLoanWS/doPreload/approve-020/partial-installment
1299,85,360,20,7200,HomeLoanService,HomeLoanWS/doPreload/approve-020/personal-info
469,22,101,185,18685,HomeLoanService,HomeLoanWS/doPreload/approve-020/policy-check
1238,103,387,103,39861,HomeLoanService,HomeLoanWS/doPreload/approve-020/relationship
73,23,37,16,592,HomeLoanService,HomeLoanWS/doPreload/approve-020/sale-channel
861,281,464,18,8352,HomeLoanService,HomeLoanWS/doPreload/approve-020/summary-package
534,301,392,15,5880,HomeLoanService,HomeLoanWS/doPreload/approve-020/summary-result
967,83,270,125,33750,HomeLoanService,HomeLoanWS/doPreload/approve-020/verify-customer
814,288,460,57,26220,HomeLoanService,HomeLoanWS/doPreload/approve-020/verify-document
1098,82,325,60,19500,HomeLoanService,HomeLoanWS/doPreload/approve-020/verify-hr
1396,170,396,60,23760,HomeLoanService,HomeLoanWS/doPreload/approve-020/verify-income
1020,89,339,61,20679,HomeLoanService,HomeLoanWS/doPreload/approve-020/verify-summary
954,83,299,61,18239,HomeLoanService,HomeLoanWS/doPreload/approve-020/verify-website
410,58,146,55,8030,HomeLoanService,HomeLoanWS/doPreload/approve-030/application-detail
1770,93,622,77,47894,HomeLoanService,HomeLoanWS/doPreload/approve-030/approve-decision
1845,307,828,83,68724,HomeLoanService,HomeLoanWS/doPreload/approve-030/approve-summary
106,8,42,20,840,HomeLoanService,HomeLoanWS/doPreload/approve-030/basic-repayment-ability
1350,60,455,48,21840,HomeLoanService,HomeLoanWS/doPreload/approve-030/collateral-acting
620,86,258,37,9546,HomeLoanService,HomeLoanWS/doPreload/approve-030/credit-exposure
841,19,295,47,13865,HomeLoanService,HomeLoanWS/doPreload/approve-030/credit-limit-detail
1333,87,398,36,14328,HomeLoanService,HomeLoanWS/doPreload/approve-030/cust-info
1737,251,704,47,33088,HomeLoanService,HomeLoanWS/doPreload/approve-030/debt-exposure
927,22,430,16,6880,HomeLoanService,HomeLoanWS/doPreload/approve-030/income
1219,205,408,19,7752,HomeLoanService,HomeLoanWS/doPreload/approve-030/loan-info
2036,320,792,75,59400,HomeLoanService,HomeLoanWS/doPreload/approve-030/partial-installment
1102,92,465,19,8835,HomeLoanService,HomeLoanWS/doPreload/approve-030/personal-info
515,5,109,213,23217,HomeLoanService,HomeLoanWS/doPreload/approve-030/policy-check
1434,110,394,52,20488,HomeLoanService,HomeLoanWS/doPreload/approve-030/relationship
97,32,54,15,810,HomeLoanService,HomeLoanWS/doPreload/approve-030/sale-channel
1149,317,561,14,7854,HomeLoanService,HomeLoanWS/doPreload/approve-030/summary-package
503,281,407,15,6105,HomeLoanService,HomeLoanWS/doPreload/approve-030/summary-result
1034,100,358,42,15036,HomeLoanService,HomeLoanWS/doPreload/approve-030/verify-customer
1188,276,463,46,21298,HomeLoanService,HomeLoanWS/doPreload/approve-030/verify-document
1229,99,367,41,15047,HomeLoanService,HomeLoanWS/doPreload/approve-030/verify-hr
793,168,382,41,15662,HomeLoanService,HomeLoanWS/doPreload/approve-030/verify-income
1780,108,400,41,16400,HomeLoanService,HomeLoanWS/doPreload/approve-030/verify-summary
1282,96,366,42,15372,HomeLoanService,HomeLoanWS/doPreload/approve-030/verify-website
349,54,163,10,1630,HomeLoanService,HomeLoanWS/doPreload/approve-040/application-detail
880,354,580,12,6960,HomeLoanService,HomeLoanWS/doPreload/approve-040/approve-decision
1323,482,824,12,9888,HomeLoanService,HomeLoanWS/doPreload/approve-040/approve-summary
74,50,62,2,124,HomeLoanService,HomeLoanWS/doPreload/approve-040/basic-repayment-ability
879,190,453,11,4983,HomeLoanService,HomeLoanWS/doPreload/approve-040/collateral-acting
393,148,240,10,2400,HomeLoanService,HomeLoanWS/doPreload/approve-040/credit-exposure
199,68,124,11,1364,HomeLoanService,HomeLoanWS/doPreload/approve-040/credit-limit-detail
828,93,309,8,2472,HomeLoanService,HomeLoanWS/doPreload/approve-040/cust-info
1329,325,580,13,7540,HomeLoanService,HomeLoanWS/doPreload/approve-040/debt-exposure
819,751,785,2,1570,HomeLoanService,HomeLoanWS/doPreload/approve-040/income
456,218,351,3,1053,HomeLoanService,HomeLoanWS/doPreload/approve-040/loan-info
1020,497,703,9,6327,HomeLoanService,HomeLoanWS/doPreload/approve-040/partial-installment
1053,816,934,2,1868,HomeLoanService,HomeLoanWS/doPreload/approve-040/personal-info
428,38,115,34,3910,HomeLoanService,HomeLoanWS/doPreload/approve-040/policy-check
891,127,383,11,4213,HomeLoanService,HomeLoanWS/doPreload/approve-040/relationship
126,84,105,2,210,HomeLoanService,HomeLoanWS/doPreload/approve-040/sale-channel
656,300,506,3,1518,HomeLoanService,HomeLoanWS/doPreload/approve-040/summary-package
539,437,488,2,976,HomeLoanService,HomeLoanWS/doPreload/approve-040/summary-result
845,107,403,10,4030,HomeLoanService,HomeLoanWS/doPreload/approve-040/verify-customer
1467,288,604,10,6040,HomeLoanService,HomeLoanWS/doPreload/approve-040/verify-document
1123,114,437,10,4370,HomeLoanService,HomeLoanWS/doPreload/approve-040/verify-hr
846,188,430,10,4300,HomeLoanService,HomeLoanWS/doPreload/approve-040/verify-income
878,120,379,10,3790,HomeLoanService,HomeLoanWS/doPreload/approve-040/verify-summary
848,117,391,10,3910,HomeLoanService,HomeLoanWS/doPreload/approve-040/verify-website
773,136,460,13,5980,HomeLoanService,HomeLoanWS/doPreload/approve-055/approve-decision
1264,528,937,4,3748,HomeLoanService,HomeLoanWS/doPreload/approve-055/approve-summary
1272,5,473,122,57706,HomeLoanService,HomeLoanWS/doPreload/approve-055/collateral-acting
671,188,321,11,3531,HomeLoanService,HomeLoanWS/doPreload/approve-055/cust-info
1486,275,660,22,14520,HomeLoanService,HomeLoanWS/doPreload/approve-055/debt-exposure
351,351,351,1,351,HomeLoanService,HomeLoanWS/doPreload/approve-055/income
366,366,366,1,366,HomeLoanService,HomeLoanWS/doPreload/approve-055/loan-info
749,722,735,2,1470,HomeLoanService,HomeLoanWS/doPreload/approve-055/partial-installment
405,28,88,72,6336,HomeLoanService,HomeLoanWS/doPreload/approve-055/policy-check
8,8,8,1,8,HomeLoanService,HomeLoanWS/doPreload/approve-055/relationship
72,21,35,7,245,HomeLoanService,HomeLoanWS/doPreload/approve-055/sale-channel
1075,302,470,19,8930,HomeLoanService,HomeLoanWS/doPreload/approve-055/summary-package
502,283,383,5,1915,HomeLoanService,HomeLoanWS/doPreload/approve-055/summary-result
994,107,409,13,5317,HomeLoanService,HomeLoanWS/doPreload/approve-055/verify-customer
1395,266,462,41,18942,HomeLoanService,HomeLoanWS/doPreload/approve-055/verify-document
964,108,443,9,3987,HomeLoanService,HomeLoanWS/doPreload/approve-055/verify-hr
674,192,408,9,3672,HomeLoanService,HomeLoanWS/doPreload/approve-055/verify-income
978,117,452,9,4068,HomeLoanService,HomeLoanWS/doPreload/approve-055/verify-summary
1060,115,478,9,4302,HomeLoanService,HomeLoanWS/doPreload/approve-055/verify-website
317,59,130,59,7670,HomeLoanService,HomeLoanWS/doPreload/approve-060/application-detail
1543,94,573,98,56154,HomeLoanService,HomeLoanWS/doPreload/approve-060/approve-decision
2661,312,760,128,97280,HomeLoanService,HomeLoanWS/doPreload/approve-060/approve-summary
133,7,37,13,481,HomeLoanService,HomeLoanWS/doPreload/approve-060/basic-repayment-ability
1317,69,526,49,25774,HomeLoanService,HomeLoanWS/doPreload/approve-060/collateral-acting
481,98,252,48,12096,HomeLoanService,HomeLoanWS/doPreload/approve-060/credit-exposure
653,38,295,53,15635,HomeLoanService,HomeLoanWS/doPreload/approve-060/credit-limit-detail
991,86,315,29,9135,HomeLoanService,HomeLoanWS/doPreload/approve-060/cust-info
2067,252,641,49,31409,HomeLoanService,HomeLoanWS/doPreload/approve-060/debt-exposure
997,95,359,13,4667,HomeLoanService,HomeLoanWS/doPreload/approve-060/income
789,165,346,17,5882,HomeLoanService,HomeLoanWS/doPreload/approve-060/loan-info
3000,344,849,60,50940,HomeLoanService,HomeLoanWS/doPreload/approve-060/partial-installment
1037,90,371,13,4823,HomeLoanService,HomeLoanWS/doPreload/approve-060/personal-info
389,26,103,207,21321,HomeLoanService,HomeLoanWS/doPreload/approve-060/policy-check
1348,109,303,106,32118,HomeLoanService,HomeLoanWS/doPreload/approve-060/relationship
129,26,54,13,702,HomeLoanService,HomeLoanWS/doPreload/approve-060/sale-channel
963,8,459,19,8721,HomeLoanService,HomeLoanWS/doPreload/approve-060/summary-package
656,290,411,14,5754,HomeLoanService,HomeLoanWS/doPreload/approve-060/summary-result
1105,98,326,47,15322,HomeLoanService,HomeLoanWS/doPreload/approve-060/verify-customer
761,278,463,49,22687,HomeLoanService,HomeLoanWS/doPreload/approve-060/verify-document
1637,89,342,46,15732,HomeLoanService,HomeLoanWS/doPreload/approve-060/verify-hr
1321,171,356,47,16732,HomeLoanService,HomeLoanWS/doPreload/approve-060/verify-income
1295,93,341,48,16368,HomeLoanService,HomeLoanWS/doPreload/approve-060/verify-summary
1397,98,338,46,15548,HomeLoanService,HomeLoanWS/doPreload/approve-060/verify-website
203,66,134,8,1072,HomeLoanService,HomeLoanWS/doPreload/approve-070/application-detail
841,377,626,6,3756,HomeLoanService,HomeLoanWS/doPreload/approve-070/approve-decision
1768,537,798,13,10374,HomeLoanService,HomeLoanWS/doPreload/approve-070/approve-summary
70,19,44,2,88,HomeLoanService,HomeLoanWS/doPreload/approve-070/basic-repayment-ability
1213,255,643,6,3858,HomeLoanService,HomeLoanWS/doPreload/approve-070/collateral-acting
680,164,348,7,2436,HomeLoanService,HomeLoanWS/doPreload/approve-070/credit-exposure
711,181,378,7,2646,HomeLoanService,HomeLoanWS/doPreload/approve-070/credit-limit-detail
842,101,471,2,942,HomeLoanService,HomeLoanWS/doPreload/approve-070/cust-info
1538,417,827,8,6616,HomeLoanService,HomeLoanWS/doPreload/approve-070/debt-exposure
849,849,849,1,849,HomeLoanService,HomeLoanWS/doPreload/approve-070/income
407,407,407,1,407,HomeLoanService,HomeLoanWS/doPreload/approve-070/loan-info
1540,625,1006,6,6036,HomeLoanService,HomeLoanWS/doPreload/approve-070/partial-installment
838,838,838,1,838,HomeLoanService,HomeLoanWS/doPreload/approve-070/personal-info
206,46,107,23,2461,HomeLoanService,HomeLoanWS/doPreload/approve-070/policy-check
869,150,412,8,3296,HomeLoanService,HomeLoanWS/doPreload/approve-070/relationship
90,90,90,1,90,HomeLoanService,HomeLoanWS/doPreload/approve-070/sale-channel
492,492,492,1,492,HomeLoanService,HomeLoanWS/doPreload/approve-070/summary-package
439,439,439,1,439,HomeLoanService,HomeLoanWS/doPreload/approve-070/summary-result
862,107,374,8,2992,HomeLoanService,HomeLoanWS/doPreload/approve-070/verify-customer
616,296,447,8,3576,HomeLoanService,HomeLoanWS/doPreload/approve-070/verify-document
947,118,382,8,3056,HomeLoanService,HomeLoanWS/doPreload/approve-070/verify-hr
537,202,375,8,3000,HomeLoanService,HomeLoanWS/doPreload/approve-070/verify-income
896,111,380,8,3040,HomeLoanService,HomeLoanWS/doPreload/approve-070/verify-summary
889,111,373,8,2984,HomeLoanService,HomeLoanWS/doPreload/approve-070/verify-website
263,58,144,8,1152,HomeLoanService,HomeLoanWS/doPreload/end/application-detail
1066,1048,1057,2,2114,HomeLoanService,HomeLoanWS/doPreload/end/approve-decision
1103,1103,1103,1,1103,HomeLoanService,HomeLoanWS/doPreload/end/approve-result-front
1674,1588,1631,2,3262,HomeLoanService,HomeLoanWS/doPreload/end/approve-summary
578,238,408,2,816,HomeLoanService,HomeLoanWS/doPreload/end/collateral-acting
571,89,330,2,660,HomeLoanService,HomeLoanWS/doPreload/end/credit-limit-detail
1437,90,523,18,9414,HomeLoanService,HomeLoanWS/doPreload/end/cust-info
432,85,206,3,618,HomeLoanService,HomeLoanWS/doPreload/end/income
899,54,420,8,3360,HomeLoanService,HomeLoanWS/doPreload/end/loan-info
2398,2398,2398,1,2398,HomeLoanService,HomeLoanWS/doPreload/end/partial-installment
102,102,102,1,102,HomeLoanService,HomeLoanWS/doPreload/end/personal-info
148,6,108,5,540,HomeLoanService,HomeLoanWS/doPreload/end/policy-check
30,22,26,2,52,HomeLoanService,HomeLoanWS/doPreload/end/sale-channel
1118,441,604,13,7852,HomeLoanService,HomeLoanWS/doPreload/end/summary-package
584,584,584,1,584,HomeLoanService,HomeLoanWS/doPreload/end/summary-result
15,4,7,6,42,HomeLoanService,HomeLoanWS/doPreload/fraud-010/application-detail
1037,1037,1037,1,1037,HomeLoanService,HomeLoanWS/doPreload/fraud-010/partial-installment
128,128,128,1,128,HomeLoanService,HomeLoanWS/doPreload/fraud-010/policy-check
271,91,173,6,1038,HomeLoanService,HomeLoanWS/doPreload/post-approve-010/application-detail
427,389,408,2,816,HomeLoanService,HomeLoanWS/doPreload/post-approve-010/approve-decision
2677,313,704,167,117568,HomeLoanService,HomeLoanWS/doPreload/post-approve-010/approve-result-front
2076,459,1073,20,21460,HomeLoanService,HomeLoanWS/doPreload/post-approve-010/approve-summary
68,19,37,5,185,HomeLoanService,HomeLoanWS/doPreload/post-approve-010/basic-repayment-ability
676,240,499,4,1996,HomeLoanService,HomeLoanWS/doPreload/post-approve-010/collateral-acting
208,208,208,1,208,HomeLoanService,HomeLoanWS/doPreload/post-approve-010/credit-exposure
633,209,416,5,2080,HomeLoanService,HomeLoanWS/doPreload/post-approve-010/credit-limit-detail
881,101,199,13,2587,HomeLoanService,HomeLoanWS/doPreload/post-approve-010/cust-info
1555,312,933,2,1866,HomeLoanService,HomeLoanWS/doPreload/post-approve-010/debt-exposure
860,108,658,7,4606,HomeLoanService,HomeLoanWS/doPreload/post-approve-010/income
985,231,641,8,5128,HomeLoanService,HomeLoanWS/doPreload/post-approve-010/loan-info
1981,491,794,10,7940,HomeLoanService,HomeLoanWS/doPreload/post-approve-010/partial-installment
930,98,365,21,7665,HomeLoanService,HomeLoanWS/doPreload/post-approve-010/personal-info
502,58,147,9,1323,HomeLoanService,HomeLoanWS/doPreload/post-approve-010/policy-check
310,259,280,3,840,HomeLoanService,HomeLoanWS/doPreload/post-approve-010/relationship
376,14,69,15,1035,HomeLoanService,HomeLoanWS/doPreload/post-approve-010/sale-channel
1485,407,871,6,5226,HomeLoanService,HomeLoanWS/doPreload/post-approve-010/summary-package
762,242,434,13,5642,HomeLoanService,HomeLoanWS/doPreload/post-approve-010/summary-result
37,4,6,56,336,HomeLoanService,HomeLoanWS/doPreload/prepare-010/basic-repayment-ability
142,83,95,7,665,HomeLoanService,HomeLoanWS/doPreload/prepare-010/cust-info
407,68,102,46,4692,HomeLoanService,HomeLoanWS/doPreload/prepare-011/summary-result
280,92,140,4,560,HomeLoanService,HomeLoanWS/doPreload/prepare-012/cust-info
752,13,160,65,10400,HomeLoanService,HomeLoanWS/doPreload/prepare-012/summary-result
167,129,148,2,296,HomeLoanService,HomeLoanWS/doPreload/prepare-013/summary-result
25,7,15,7,105,HomeLoanService,HomeLoanWS/doPreload/prepare-020/basic-repayment-ability
774,90,285,9,2565,HomeLoanService,HomeLoanWS/doPreload/prepare-020/cust-info
677,86,221,88,19448,HomeLoanService,HomeLoanWS/doPreload/prepare-020/income
1203,56,293,96,28128,HomeLoanService,HomeLoanWS/doPreload/prepare-020/loan-info
941,84,198,80,15840,HomeLoanService,HomeLoanWS/doPreload/prepare-020/personal-info
21,9,15,2,30,HomeLoanService,HomeLoanWS/doPreload/prepare-021/basic-repayment-ability
108,108,108,1,108,HomeLoanService,HomeLoanWS/doPreload/prepare-021/cust-info
628,94,233,5,1165,HomeLoanService,HomeLoanWS/doPreload/prepare-021/income
581,175,427,4,1708,HomeLoanService,HomeLoanWS/doPreload/prepare-021/loan-info
1158,215,482,78,37596,HomeLoanService,HomeLoanWS/doPreload/prepare-021/package
454,100,237,5,1185,HomeLoanService,HomeLoanWS/doPreload/prepare-021/personal-info
1724,229,497,874,434378,HomeLoanService,HomeLoanWS/doPreload/prepare-021/summary-package
197,197,197,1,197,HomeLoanService,HomeLoanWS/doPreload/prepare-022/cust-info
315,110,180,6,1080,HomeLoanService,HomeLoanWS/doPreload/prepare-022/income
606,203,381,4,1524,HomeLoanService,HomeLoanWS/doPreload/prepare-022/loan-info
296,127,211,2,422,HomeLoanService,HomeLoanWS/doPreload/prepare-022/personal-info
1113,229,401,357,143157,HomeLoanService,HomeLoanWS/doPreload/prepare-022/summary-package
65,7,43,8,344,HomeLoanService,HomeLoanWS/doPreload/prepare-030/basic-repayment-ability
661,102,336,6,2016,HomeLoanService,HomeLoanWS/doPreload/prepare-030/cust-info
750,90,367,18,6606,HomeLoanService,HomeLoanWS/doPreload/prepare-030/income
756,171,468,11,5148,HomeLoanService,HomeLoanWS/doPreload/prepare-030/loan-info
700,88,317,23,7291,HomeLoanService,HomeLoanWS/doPreload/prepare-030/personal-info
356,14,35,170,5950,HomeLoanService,HomeLoanWS/doPreload/prepare-030/sale-channel
952,6,470,14,6580,HomeLoanService,HomeLoanWS/doPreload/prepare-030/summary-package
1757,272,669,155,103695,HomeLoanService,HomeLoanWS/doPreload/prepare-030/summary-result
16,6,11,2,22,HomeLoanService,HomeLoanWS/doPreload/system-011/basic-repayment-ability
299,91,159,5,795,HomeLoanService,HomeLoanWS/doPreload/system-011/cust-info
325,103,132,58,7656,HomeLoanService,HomeLoanWS/doPreload/system-011/summary-result
85,85,85,1,85,HomeLoanService,HomeLoanWS/doPreload/system-012/cust-info
269,219,244,6,1464,HomeLoanService,HomeLoanWS/doPreload/system-012/summary-result
117,117,117,1,117,HomeLoanService,HomeLoanWS/doPreload/system-013/cust-info
54,54,54,1,54,HomeLoanService,HomeLoanWS/doPreload/system-013/sale-channel
472,287,359,20,7180,HomeLoanService,HomeLoanWS/doPreload/system-013/summary-result
1044,334,659,7,4613,HomeLoanService,HomeLoanWS/doPreload/system-015/approve-result-front
113,113,113,1,113,HomeLoanService,HomeLoanWS/doPreload/system-020/income
117,117,117,1,117,HomeLoanService,HomeLoanWS/doPreload/system-020/personal-info
853,240,395,35,13825,HomeLoanService,HomeLoanWS/doPreload/system-020/summary-result
353,353,353,1,353,HomeLoanService,HomeLoanWS/doPreload/system-030/verify-document
116,116,116,1,116,HomeLoanService,HomeLoanWS/doPreload/system-031/application-detail
814,630,722,2,1444,HomeLoanService,HomeLoanWS/doPreload/system-031/approve-decision
1659,910,1180,5,5900,HomeLoanService,HomeLoanWS/doPreload/system-031/approve-summary
34,34,34,1,34,HomeLoanService,HomeLoanWS/doPreload/system-031/debt-exposure
1360,1263,1311,2,2622,HomeLoanService,HomeLoanWS/doPreload/system-031/partial-installment
252,50,73,27,1971,HomeLoanService,HomeLoanWS/doPreload/system-031/policy-check
73,62,67,4,268,HomeLoanService,HomeLoanWS/doPreload/system-032/policy-check
617,57,149,28,4172,HomeLoanService,HomeLoanWS/doPreload/system-050/application-detail
1822,784,1127,6,6762,HomeLoanService,HomeLoanWS/doPreload/system-050/approve-result-front
1242,1242,1242,1,1242,HomeLoanService,HomeLoanWS/doPreload/system-050/approve-summary
125,9,40,4,160,HomeLoanService,HomeLoanWS/doPreload/system-050/basic-repayment-ability
2968,436,1450,5,7250,HomeLoanService,HomeLoanWS/doPreload/system-050/collateral-acting
1035,8,455,7,3185,HomeLoanService,HomeLoanWS/doPreload/system-050/credit-limit-detail
1010,4,395,49,19355,HomeLoanService,HomeLoanWS/doPreload/system-050/cust-info
916,256,435,8,3480,HomeLoanService,HomeLoanWS/doPreload/system-050/income
731,16,501,5,2505,HomeLoanService,HomeLoanWS/doPreload/system-050/loan-info
917,201,433,14,6062,HomeLoanService,HomeLoanWS/doPreload/system-050/personal-info
64,63,63,2,126,HomeLoanService,HomeLoanWS/doPreload/system-050/policy-check
804,9,451,7,3157,HomeLoanService,HomeLoanWS/doPreload/system-050/relationship
133,15,52,13,676,HomeLoanService,HomeLoanWS/doPreload/system-050/sale-channel
1442,687,1021,14,14294,HomeLoanService,HomeLoanWS/doPreload/system-050/summary-package
669,479,602,3,1806,HomeLoanService,HomeLoanWS/doPreload/system-050/summary-result
690,637,663,2,1326,HomeLoanService,HomeLoanWS/doPreload/system-050/verify-document
3628,183,1071,10,10710,HomeLoanService,HomeLoanWS/doResubmit/post-approve-010/approve-result-front
301,198,249,2,498,HomeLoanService,HomeLoanWS/doResubmit/post-approve-010/summary-result
65,41,53,2,106,HomeLoanService,HomeLoanWS/doReturn/approve-020
71,71,71,1,71,HomeLoanService,HomeLoanWS/doReturn2Analyst/approve-030
41,41,41,1,41,HomeLoanService,HomeLoanWS/doReturn2Analyst/approve-060
67,67,67,1,67,HomeLoanService,HomeLoanWS/doReturn2f/approve-010
144,7,64,6,384,HomeLoanService,HomeLoanWS/doReturn2f/approve-020
94,48,75,3,225,HomeLoanService,HomeLoanWS/doReturn2f/approve-060
28,28,28,1,28,HomeLoanService,HomeLoanWS/doSave/approve-010/collateral-acting
18,18,18,1,18,HomeLoanService,HomeLoanWS/doSave/approve-010/credit-exposure
31,31,31,1,31,HomeLoanService,HomeLoanWS/doSave/approve-010/credit-limit-detail
25,25,25,1,25,HomeLoanService,HomeLoanWS/doSave/approve-010/debt-exposure
34,28,30,5,150,HomeLoanService,HomeLoanWS/doSave/approve-010/partial-installment
18,16,16,3,48,HomeLoanService,HomeLoanWS/doSave/approve-010/relationship
526,111,173,44,7612,HomeLoanService,HomeLoanWS/doSave/approve-010/verify-document
130,17,56,32,1792,HomeLoanService,HomeLoanWS/doSave/approve-020/application-detail
478,49,213,15,3195,HomeLoanService,HomeLoanWS/doSave/approve-020/approve-decision
2152,24,116,52,6032,HomeLoanService,HomeLoanWS/doSave/approve-020/approve-summary
198,34,68,57,3876,HomeLoanService,HomeLoanWS/doSave/approve-020/collateral-acting
129,15,45,22,990,HomeLoanService,HomeLoanWS/doSave/approve-020/credit-exposure
89,16,46,9,414,HomeLoanService,HomeLoanWS/doSave/approve-020/credit-limit-detail
170,30,107,17,1819,HomeLoanService,HomeLoanWS/doSave/approve-020/debt-exposure
185,67,108,16,1728,HomeLoanService,HomeLoanWS/doSave/approve-020/partial-installment
389,24,82,63,5166,HomeLoanService,HomeLoanWS/doSave/approve-020/policy-check
181,17,46,23,1058,HomeLoanService,HomeLoanWS/doSave/approve-020/relationship
398,4,151,70,10570,HomeLoanService,HomeLoanWS/doSave/approve-020/verify-customer
280,121,171,29,4959,HomeLoanService,HomeLoanWS/doSave/approve-020/verify-document
351,79,186,16,2976,HomeLoanService,HomeLoanWS/doSave/approve-020/verify-hr
261,33,91,11,1001,HomeLoanService,HomeLoanWS/doSave/approve-020/verify-income
580,119,270,22,5940,HomeLoanService,HomeLoanWS/doSave/approve-020/verify-summary
259,102,167,13,2171,HomeLoanService,HomeLoanWS/doSave/approve-020/verify-website
280,14,62,35,2170,HomeLoanService,HomeLoanWS/doSave/approve-030/application-detail
424,51,185,21,3885,HomeLoanService,HomeLoanWS/doSave/approve-030/approve-decision
224,5,79,78,6162,HomeLoanService,HomeLoanWS/doSave/approve-030/approve-summary
398,40,108,32,3456,HomeLoanService,HomeLoanWS/doSave/approve-030/collateral-acting
99,32,56,11,616,HomeLoanService,HomeLoanWS/doSave/approve-030/credit-exposure
127,8,64,17,1088,HomeLoanService,HomeLoanWS/doSave/approve-030/credit-limit-detail
270,54,140,14,1960,HomeLoanService,HomeLoanWS/doSave/approve-030/debt-exposure
291,55,99,31,3069,HomeLoanService,HomeLoanWS/doSave/approve-030/partial-installment
274,26,85,117,9945,HomeLoanService,HomeLoanWS/doSave/approve-030/policy-check
81,17,53,20,1060,HomeLoanService,HomeLoanWS/doSave/approve-030/relationship
613,126,246,25,6150,HomeLoanService,HomeLoanWS/doSave/approve-030/verify-customer
652,13,187,32,5984,HomeLoanService,HomeLoanWS/doSave/approve-030/verify-document
614,124,231,23,5313,HomeLoanService,HomeLoanWS/doSave/approve-030/verify-hr
225,39,81,24,1944,HomeLoanService,HomeLoanWS/doSave/approve-030/verify-income
648,129,268,20,5360,HomeLoanService,HomeLoanWS/doSave/approve-030/verify-summary
584,128,223,24,5352,HomeLoanService,HomeLoanWS/doSave/approve-030/verify-website
70,29,50,4,200,HomeLoanService,HomeLoanWS/doSave/approve-040/application-detail
158,112,135,2,270,HomeLoanService,HomeLoanWS/doSave/approve-040/approve-decision
131,38,83,9,747,HomeLoanService,HomeLoanWS/doSave/approve-040/approve-summary
257,60,112,6,672,HomeLoanService,HomeLoanWS/doSave/approve-040/collateral-acting
77,32,48,6,288,HomeLoanService,HomeLoanWS/doSave/approve-040/credit-exposure
180,33,80,6,480,HomeLoanService,HomeLoanWS/doSave/approve-040/credit-limit-detail
237,76,147,4,588,HomeLoanService,HomeLoanWS/doSave/approve-040/debt-exposure
93,93,93,1,93,HomeLoanService,HomeLoanWS/doSave/approve-040/partial-installment
171,30,81,18,1458,HomeLoanService,HomeLoanWS/doSave/approve-040/policy-check
76,44,58,3,174,HomeLoanService,HomeLoanWS/doSave/approve-040/relationship
281,140,197,3,591,HomeLoanService,HomeLoanWS/doSave/approve-040/verify-customer
215,121,160,5,800,HomeLoanService,HomeLoanWS/doSave/approve-040/verify-document
300,142,204,3,612,HomeLoanService,HomeLoanWS/doSave/approve-040/verify-hr
110,56,74,3,222,HomeLoanService,HomeLoanWS/doSave/approve-040/verify-income
271,145,193,3,579,HomeLoanService,HomeLoanWS/doSave/approve-040/verify-summary
275,145,193,3,579,HomeLoanService,HomeLoanWS/doSave/approve-040/verify-website
82,40,59,4,236,HomeLoanService,HomeLoanWS/doSave/approve-055/approve-decision
70,52,63,3,189,HomeLoanService,HomeLoanWS/doSave/approve-055/approve-summary
135,31,49,60,2940,HomeLoanService,HomeLoanWS/doSave/approve-055/collateral-acting
118,6,61,34,2074,HomeLoanService,HomeLoanWS/doSave/approve-055/policy-check
96,96,96,1,96,HomeLoanService,HomeLoanWS/doSave/approve-055/verify-customer
357,120,168,26,4368,HomeLoanService,HomeLoanWS/doSave/approve-055/verify-document
72,37,54,2,108,HomeLoanService,HomeLoanWS/doSave/approve-060/application-detail
508,47,229,30,6870,HomeLoanService,HomeLoanWS/doSave/approve-060/approve-decision
186,22,70,109,7630,HomeLoanService,HomeLoanWS/doSave/approve-060/approve-summary
219,39,88,32,2816,HomeLoanService,HomeLoanWS/doSave/approve-060/collateral-acting
120,15,59,27,1593,HomeLoanService,HomeLoanWS/doSave/approve-060/credit-exposure
229,9,61,26,1586,HomeLoanService,HomeLoanWS/doSave/approve-060/credit-limit-detail
391,21,134,26,3484,HomeLoanService,HomeLoanWS/doSave/approve-060/debt-exposure
258,65,112,29,3248,HomeLoanService,HomeLoanWS/doSave/approve-060/partial-installment
227,18,67,120,8040,HomeLoanService,HomeLoanWS/doSave/approve-060/policy-check
145,22,62,29,1798,HomeLoanService,HomeLoanWS/doSave/approve-060/relationship
547,131,240,31,7440,HomeLoanService,HomeLoanWS/doSave/approve-060/verify-customer
646,116,199,34,6766,HomeLoanService,HomeLoanWS/doSave/approve-060/verify-document
680,128,255,29,7395,HomeLoanService,HomeLoanWS/doSave/approve-060/verify-hr
141,41,80,27,2160,HomeLoanService,HomeLoanWS/doSave/approve-060/verify-income
620,130,235,30,7050,HomeLoanService,HomeLoanWS/doSave/approve-060/verify-summary
591,126,220,25,5500,HomeLoanService,HomeLoanWS/doSave/approve-060/verify-website
433,243,338,2,676,HomeLoanService,HomeLoanWS/doSave/approve-070/approve-decision
159,44,86,7,602,HomeLoanService,HomeLoanWS/doSave/approve-070/approve-summary
62,62,62,1,62,HomeLoanService,HomeLoanWS/doSave/approve-070/collateral-acting
64,46,55,2,110,HomeLoanService,HomeLoanWS/doSave/approve-070/credit-exposure
67,49,57,3,171,HomeLoanService,HomeLoanWS/doSave/approve-070/credit-limit-detail
140,140,140,1,140,HomeLoanService,HomeLoanWS/doSave/approve-070/debt-exposure
178,100,139,2,278,HomeLoanService,HomeLoanWS/doSave/approve-070/partial-installment
145,26,77,11,847,HomeLoanService,HomeLoanWS/doSave/approve-070/policy-check
64,46,55,2,110,HomeLoanService,HomeLoanWS/doSave/approve-070/relationship
261,144,207,4,828,HomeLoanService,HomeLoanWS/doSave/approve-070/verify-customer
317,141,191,4,764,HomeLoanService,HomeLoanWS/doSave/approve-070/verify-document
311,146,213,4,852,HomeLoanService,HomeLoanWS/doSave/approve-070/verify-hr
73,51,62,4,248,HomeLoanService,HomeLoanWS/doSave/approve-070/verify-income
152,152,152,1,152,HomeLoanService,HomeLoanWS/doSave/approve-070/verify-summary
294,162,241,4,964,HomeLoanService,HomeLoanWS/doSave/approve-070/verify-website
28,17,22,2,44,HomeLoanService,HomeLoanWS/doSave/end/credit-limit-detail
103,30,59,15,885,HomeLoanService,HomeLoanWS/doSave/post-approve-010/approve-result-front
124,24,63,6,378,HomeLoanService,HomeLoanWS/doSave/post-approve-010/approve-summary
100,20,68,5,340,HomeLoanService,HomeLoanWS/doSave/post-approve-010/credit-limit-detail
196,129,167,3,501,HomeLoanService,HomeLoanWS/doSave/post-approve-010/summary-result
87,18,33,6,198,HomeLoanService,HomeLoanWS/doSave/prepare-012/summary-result
351,147,232,3,696,HomeLoanService,HomeLoanWS/doSave/prepare-020/income
377,172,274,2,548,HomeLoanService,HomeLoanWS/doSave/prepare-020/loan-info
74,74,74,1,74,HomeLoanService,HomeLoanWS/doSave/prepare-020/personal-info
41,21,30,5,150,HomeLoanService,HomeLoanWS/doSave/prepare-021/package
36,24,30,5,150,HomeLoanService,HomeLoanWS/doSave/prepare-021/summary-package
44,17,33,8,264,HomeLoanService,HomeLoanWS/doSave/prepare-022/summary-package
273,53,151,25,3775,HomeLoanService,HomeLoanWS/doSave/prepare-030/sale-channel
44,44,44,1,44,HomeLoanService,HomeLoanWS/doSave/prepare-030/summary-package
147,30,55,62,3410,HomeLoanService,HomeLoanWS/doSave/prepare-030/summary-result
31,11,16,5,80,HomeLoanService,HomeLoanWS/doSave/system-050/credit-limit-detail
242,242,242,1,242,HomeLoanService,HomeLoanWS/doSubmit/approve-010/collateral-acting
220,220,220,1,220,HomeLoanService,HomeLoanWS/doSubmit/approve-010/credit-exposure
222,222,222,1,222,HomeLoanService,HomeLoanWS/doSubmit/approve-010/debt-exposure
268,143,207,5,1035,HomeLoanService,HomeLoanWS/doSubmit/approve-010/partial-installment
342,186,239,3,717,HomeLoanService,HomeLoanWS/doSubmit/approve-010/relationship
300,80,180,38,6840,HomeLoanService,HomeLoanWS/doSubmit/approve-010/verify-document
913,560,736,2,1472,HomeLoanService,HomeLoanWS/doSubmit/approve-020/application-detail
1259,428,843,2,1686,HomeLoanService,HomeLoanWS/doSubmit/approve-020/approve-decision
1383,103,611,24,14664,HomeLoanService,HomeLoanWS/doSubmit/approve-020/approve-summary
1093,54,573,2,1146,HomeLoanService,HomeLoanWS/doSubmit/approve-020/credit-exposure
7,7,7,1,7,HomeLoanService,HomeLoanWS/doSubmit/approve-020/credit-limit-detail
99,99,99,1,99,HomeLoanService,HomeLoanWS/doSubmit/approve-020/policy-check
35,35,35,1,35,HomeLoanService,HomeLoanWS/doSubmit/approve-020/verify-customer
956,373,568,8,4544,HomeLoanService,HomeLoanWS/doSubmit/approve-020/verify-document
358,358,358,1,358,HomeLoanService,HomeLoanWS/doSubmit/approve-030/application-detail
162,162,162,1,162,HomeLoanService,HomeLoanWS/doSubmit/approve-030/approve-decision
432,94,189,30,5670,HomeLoanService,HomeLoanWS/doSubmit/approve-030/approve-summary
203,150,169,3,507,HomeLoanService,HomeLoanWS/doSubmit/approve-030/policy-check
146,146,146,1,146,HomeLoanService,HomeLoanWS/doSubmit/approve-030/verify-customer
270,270,270,1,270,HomeLoanService,HomeLoanWS/doSubmit/approve-030/verify-summary
267,200,232,7,1624,HomeLoanService,HomeLoanWS/doSubmit/approve-040/approve-summary
129,74,96,4,384,HomeLoanService,HomeLoanWS/doSubmit/approve-055/approve-decision
112,81,99,3,297,HomeLoanService,HomeLoanWS/doSubmit/approve-055/approve-summary
81,77,79,2,158,HomeLoanService,HomeLoanWS/doSubmit/approve-055/collateral-acting
257,49,112,14,1568,HomeLoanService,HomeLoanWS/doSubmit/approve-055/policy-check
127,127,127,1,127,HomeLoanService,HomeLoanWS/doSubmit/approve-055/verify-customer
689,68,168,7,1176,HomeLoanService,HomeLoanWS/doSubmit/approve-055/verify-document
1742,33,887,2,1774,HomeLoanService,HomeLoanWS/doSubmit/approve-060/application-detail
2098,23,1071,7,7497,HomeLoanService,HomeLoanWS/doSubmit/approve-060/approve-decision
83565,35,27881,54,1505574,HomeLoanService,HomeLoanWS/doSubmit/approve-060/approve-summary
118247,118247,118247,1,118247,HomeLoanService,HomeLoanWS/doSubmit/approve-060/credit-exposure
115,115,115,1,115,HomeLoanService,HomeLoanWS/doSubmit/approve-060/debt-exposure
23,23,23,1,23,HomeLoanService,HomeLoanWS/doSubmit/approve-060/partial-installment
36,36,36,1,36,HomeLoanService,HomeLoanWS/doSubmit/approve-060/policy-check
36907,36907,36907,1,36907,HomeLoanService,HomeLoanWS/doSubmit/approve-070/approve-decision
21497,2080,11204,4,44816,HomeLoanService,HomeLoanWS/doSubmit/approve-070/approve-summary
40,37,38,2,76,HomeLoanService,HomeLoanWS/doSubmit/fraud-010/application-detail
6534,25,3192,27,86184,HomeLoanService,HomeLoanWS/doSubmit/post-approve-010/approve-result-front
5334,3390,4259,4,17036,HomeLoanService,HomeLoanWS/doSubmit/post-approve-010/approve-summary
3256,36,1646,2,3292,HomeLoanService,HomeLoanWS/doSubmit/post-approve-010/policy-check
12610,68,966,57,55062,HomeLoanService,HomeLoanWS/doSubmit/prepare-010/basic-repayment-ability
2081,333,611,43,26273,HomeLoanService,HomeLoanWS/doSubmit/prepare-011/summary-result
382,32,57,41,2337,HomeLoanService,HomeLoanWS/doSubmit/prepare-012/summary-result
668,655,661,2,1322,HomeLoanService,HomeLoanWS/doSubmit/prepare-013/summary-result
26193,371,2622,86,225492,HomeLoanService,HomeLoanWS/doSubmit/prepare-020/loan-info
288,72,112,57,6384,HomeLoanService,HomeLoanWS/doSubmit/prepare-021/summary-package
138,73,90,14,1260,HomeLoanService,HomeLoanWS/doSubmit/prepare-022/summary-package
124,124,124,1,124,HomeLoanService,HomeLoanWS/doSubmit/prepare-030/summary-package
1293,9,710,86,61060,HomeLoanService,HomeLoanWS/doSubmit/prepare-030/summary-result
17578,1712,3886,40,155440,HomeLoanService,HomeLoanWS/doSubmit/system-011
34,34,34,1,34,HomeLoanService,HomeLoanWS/doSubmit/system-012
93,59,70,16,1120,HomeLoanService,HomeLoanWS/doSubmit/system-013
195,71,101,6,606,HomeLoanService,HomeLoanWS/doSubmit/system-015
251,65,115,34,3910,HomeLoanService,HomeLoanWS/doSubmit/system-020
47,47,47,1,47,HomeLoanService,HomeLoanWS/doSubmit/system-030
75,58,67,3,201,HomeLoanService,HomeLoanWS/doSubmit/system-031
129,100,114,2,228,HomeLoanService,HomeLoanWS/doSubmit/system-032
19,3,7,16,112,InboundService,eConsentWS/notificationEConsent
3179,8,836,252,210672,InboundService,inboundNoHeaderWS/notificationResult
17692,10,836,114,210672,InboundService,inboundWS/notificationResult
